Date,High,Low,Mid,Last,Bid,Ask,Volume
2016-12-01,9.5549,7.004,8.94155,9.0275,8.7361,9.147,1247.67560251
2016-12-02,9.1124,8.3579,8.57865,8.5982,8.5111,8.6462,3251.99547541
2016-12-03,8.5111,7.9128,8.13915,8.2119,8.0664,8.2119,4260.38923307
2016-12-04,8.46,8.0774,8.14555,8.1,8.0911,8.2,810.49581715
2016-12-05,8.4,7.76,7.7648,7.76,7.7301,7.7995,1492.7304733
2016-12-06,8.0658,7.6101,7.8051,7.7836,7.7633,7.8469,476.80683054
2016-12-07,7.89,7.0014,7.4766,7.3231,7.424,7.5292,2101.99185187
2016-12-08,7.9799,7.2601,7.85765,7.8638,7.8073,7.908,513.06140936
2016-12-09,8.0058,7.6894,7.75815,7.7923,7.735,7.7813,148.73047129
2016-12-10,8.01,7.79,7.93175,7.955,7.8989,7.9646,14.95733403
2016-12-11,7.9753,7.6501,7.7307,7.7133,7.6588,7.8026,217.09719796
2016-12-12,8.054,7.72,7.89565,7.9225,7.8686,7.9227,441.28458717
2016-12-13,7.9865,7.8251,8.0231,7.9865,7.9735,8.0727,925.44230691
2016-12-14,8.169,7.9298,8.0904,8.169,8.0108,8.17,274.49501767
2016-12-15,8.5499,8.118,8.3745,8.4528,8.3501,8.3989,2204.7639383
2016-12-16,8.4897,8.2667,8.4557,8.4443,8.4443,8.4671,3389.39284572
2016-12-17,8.5117,8.3814,8.5022,8.5117,8.4846,8.5198,601.25480638
2016-12-18,8.4722,8.25,8.32215,8.2648,8.2648,8.3795,1595.81862253
2016-12-19,8.85,8.399,8.5989,8.7303,8.5326,8.6652,883.7671788
2016-12-20,8.7234,8.39,8.5884,8.7234,8.4765,8.7003,326.20584395
2016-12-21,8.7258,8.36,8.4169,8.39,8.3605,8.4733,2368.58405021
2016-12-22,8.6344,8.2,8.28475,8.3111,8.2199,8.3496,1989.83713446
2016-12-23,9.47,8.2689,8.84265,8.9248,8.8135,8.8718,1894.57539553
2016-12-24,9.7,8.8888,9.52735,9.5,9.5047,9.55,2500.50516753
2016-12-25,9.7,9.4436,9.6325,9.657,9.6171,9.6479,405.43354578
2016-12-26,9.9493,9.2844,9.72195,9.7,9.6952,9.7487,3684.46501485
2016-12-27,10.399,9.7483,10.2245,10.25,10.15,10.299,3149.63128739
2016-12-28,13.0,10.151,12.574,12.619,12.313,12.835,6375.17852283
2016-12-29,14.75,12.048,14.1395,14.372,13.907,14.372,4350.09160548
2016-12-30,14.358,12.285,13.1545,13.1,13.0,13.309,1208.70551637
2016-12-31,13.3,12.1,12.86,12.749,12.72,13.0,627.41589011
2017-01-01,13.92,12.9,13.791,13.486,13.648,13.934,444.07848425
2017-01-02,14.1,13.45,14.031,13.882,13.882,14.18,1380.16845348
2017-01-03,17.4,13.777,16.0135,16.196,15.968,16.059,6147.67820701
2017-01-04,16.953,14.9,15.8655,15.692,15.731,16.0,4417.38631634
2017-01-05,18.4,15.79,18.1855,18.364,18.043,18.328,5230.6941898
2017-01-06,18.6,14.001,16.089,15.8,15.619,16.559,7068.40181066
2017-01-07,16.443,13.364,14.0275,13.875,13.87,14.185,5972.12462596
2017-01-08,13.843,12.25,13.066,13.0,13.0,13.132,7695.89239522
2017-01-09,13.9,12.842,13.5145,13.553,13.437,13.592,1827.18286141
2017-01-10,13.695,12.718,13.6125,13.694,13.531,13.694,4429.70155117
2017-01-11,13.965,13.339,13.419,13.339,13.338,13.5,1247.08803079
2017-01-12,13.6,11.061,11.6075,11.686,11.463,11.752,6521.67213896
2017-01-13,12.249,11.25,11.861,11.843,11.778,11.944,5781.68856438
2017-01-14,12.0,10.932,11.2975,11.293,11.169,11.426,4553.54082904
2017-01-15,11.699,10.98,11.0585,11.1,11.017,11.1,2387.60730559
2017-01-16,11.1,9.9,10.66,10.7,10.62,10.7,5087.91875501
2017-01-17,11.0,10.304,10.6415,10.699,10.583,10.7,3814.18383278
2017-01-18,15.7,10.5,12.311,12.364,12.26,12.362,13845.71741225
2017-01-19,12.7,11.6,12.0135,12.031,11.887,12.14,1678.39590971
2017-01-20,12.351,11.601,12.177,12.072,12.143,12.211,1095.55820761
2017-01-21,12.144,11.8,11.9195,11.94,11.866,11.973,3249.63470012
2017-01-22,12.274,11.874,12.115,12.1,12.09,12.14,6994.49210208
2017-01-23,12.21,11.712,12.105,12.159,12.05,12.16,7749.51451549
2017-01-24,12.251,12.0,12.1045,12.121,12.083,12.126,638.00092932
2017-01-25,12.21,11.671,11.753,11.794,11.71,11.796,16619.36268205
2017-01-26,11.905,11.342,11.747,11.764,11.713,11.781,4765.92982631
2017-01-27,12.147,11.621,11.9485,11.855,11.909,11.988,773.7397108
2017-01-28,12.19,11.569,12.069,12.19,12.041,12.097,4245.7677597
2017-01-29,13.079,12.2,12.806,12.9,12.766,12.846,18700.59397846
2017-01-30,13.195,12.473,12.6055,12.6,12.6,12.611,3198.93660405
2017-01-31,12.842,12.437,12.6725,12.686,12.653,12.692,2318.23658407
2017-02-01,13.226,12.653,12.932,12.973,12.903,12.961,6325.86797149
2017-02-02,13.2,12.845,13.1445,13.2,13.089,13.2,6493.93134333
2017-02-03,13.399,13.068,13.062,13.18,13.024,13.1,9499.92278671
2017-02-04,13.109,12.011,12.6415,12.697,12.586,12.697,5495.28853856
2017-02-05,13.0,12.3,12.497,12.551,12.48,12.514,3670.45741159
2017-02-06,12.89,12.55,12.5625,12.55,12.5,12.625,1464.55217223
2017-02-07,12.73,12.35,12.653,12.7,12.594,12.712,1245.54062784
2017-02-08,13.069,12.45,12.549,12.604,12.49,12.608,4264.78876281
2017-02-09,12.779,12.3,12.658,12.629,12.628,12.688,3322.7469456
2017-02-10,12.83,11.71,12.023,11.802,11.947,12.099,4097.5129369
2017-02-11,12.182,11.855,12.059,12.108,12.019,12.099,6189.88197594
2017-02-12,12.322,12.085,12.2125,12.253,12.172,12.253,804.91653038
2017-02-13,12.368,12.157,12.251,12.276,12.193,12.309,703.24447542
2017-02-14,12.387,12.118,12.247,12.265,12.204,12.29,853.10964037
2017-02-15,13.255,12.142,13.06,13.085,13.02,13.1,4388.75857555
2017-02-16,13.848,12.939,13.5975,13.6,13.595,13.6,6706.07653804
2017-02-17,13.6,12.93,13.1745,13.206,13.129,13.22,7143.7366719
2017-02-18,13.471,13.122,13.4365,13.471,13.388,13.485,1067.48046297
2017-02-19,13.696,13.2,13.408,13.37,13.358,13.458,2876.96803121
2017-02-20,13.45,13.1,13.103,13.1,13.071,13.135,513.3914789
2017-02-21,13.05,11.481,12.256,12.301,12.143,12.369,13163.64552313
2017-02-22,12.551,12.01,12.462,12.519,12.414,12.51,6472.26057765
2017-02-23,12.96,12.2,12.8425,12.84,12.771,12.914,3074.07785049
2017-02-24,13.1,12.71,12.97,12.953,12.89,13.05,3638.57515322
2017-02-25,13.14,11.61,12.026,12.085,11.991,12.061,28730.58790496
2017-02-26,12.25,11.761,11.918,11.849,11.888,11.948,4050.21551891
2017-02-27,12.21,11.771,12.0425,11.96,11.983,12.102,2068.6305833
2017-02-28,12.228,11.99,12.0825,12.037,12.045,12.12,2878.36196503
2017-03-01,12.374,11.65,12.326,12.358,12.302,12.35,10141.52307584
2017-03-02,13.02,12.1,12.391,12.451,12.35,12.432,37005.49727112
2017-03-03,13.471,12.17,13.1585,13.114,13.121,13.196,10238.20347424
2017-03-04,14.688,12.9,14.0055,14.054,13.952,14.059,27440.61973596
2017-03-05,14.3,13.27,13.7255,13.68,13.692,13.759,6759.03254607
2017-03-06,15.748,13.762,15.355,15.251,15.284,15.426,6136.84780419
2017-03-07,15.866,14.92,15.4535,15.4,15.425,15.482,5682.77576109
2017-03-08,15.4,13.584,13.653,13.65,13.63,13.676,7770.8693141
2017-03-09,13.798,12.51,12.5135,12.51,12.5,12.527,6170.17764316
2017-03-10,13.684,12.4,13.036,13.045,13.025,13.047,9367.86453652
2017-03-11,13.54,12.25,13.0895,13.19,12.999,13.18,23600.16936015
2017-03-12,14.7,12.946,14.6395,14.7,14.614,14.665,10776.62065489
2017-03-13,19.357,16.633,18.441,18.386,18.334,18.548,18022.98268025
2017-03-14,18.499,17.132,17.8145,17.735,17.735,17.894,18458.76696705
2017-03-20,24.465,22.46,24.029,24.031,24.027,24.031,12984.42529161
2017-03-21,22.961,20.662,21.429,21.4,21.391,21.467,47918.73006772
2017-03-22,22.247,20.196,21.005,20.83,20.915,21.095,27395.88467141
2017-03-23,22.452,20.5,21.9905,22.0,21.907,22.074,11313.83682363
2017-03-24,23.9,20.66,21.5755,21.57,21.468,21.683,32391.69878029
2017-03-25,22.0,19.7,20.1915,20.167,20.069,20.314,26471.78298203
2017-03-26,20.746,19.1,19.308,19.3,19.224,19.392,14347.19165697
2017-03-27,19.999,17.9,17.9385,17.9,17.9,17.977,17716.28315495
2017-03-28,20.21,17.5,19.53,19.547,19.507,19.553,24535.44301311
2017-03-29,20.6,19.175,20.4415,20.429,20.386,20.497,12704.92493643
2017-03-30,21.369,19.807,19.975,20.055,19.888,20.062,18306.15901623
2017-03-31,20.775,19.435,19.799,19.81,19.712,19.886,17969.9407317
2017-04-01,21.011,19.001,20.9655,21.0,20.931,21.0,16140.41974772
2017-04-02,21.5,19.809,19.939,19.981,19.887,19.991,18004.97903993
2017-04-03,21.011,19.5,20.0345,20.042,19.969,20.1,13721.39599333
2017-04-04,20.8,19.761,20.3605,20.204,20.291,20.43,11563.1861837
2017-04-05,20.52,19.695,19.761,19.695,19.697,19.825,15806.90073236
2017-04-06,20.211,18.59,19.1735,19.161,19.1,19.247,25306.39615923
2017-04-07,20.344,19.102,19.7265,19.694,19.65,19.803,6709.78129465
2017-04-08,21.556,19.417,20.9185,20.988,20.9,20.937,9587.56408631
2017-04-09,21.509,19.97,21.3495,21.4,21.299,21.4,10655.85249647
2017-04-10,22.8,21.061,22.1415,22.0,22.0,22.283,16397.31867841
2017-04-11,22.516,21.537,21.987,22.0,21.974,22.0,8513.21965931
2017-04-12,22.71,21.561,22.4615,22.485,22.428,22.495,11019.19955974
2017-04-13,22.487,21.534,21.886,21.922,21.813,21.959,9526.05752544
2017-04-14,22.293,20.04,21.2395,21.248,21.229,21.25,17148.317482
2017-04-15,21.5,20.84,21.066,20.982,21.007,21.125,13861.18035998
2017-04-16,21.107,20.642,20.8735,20.8,20.801,20.946,6151.34893384
2017-04-17,22.0,20.8,21.243,21.35,21.119,21.367,23275.33101668
2017-04-18,21.992,21.017,21.937,21.9,21.9,21.974,11484.49490188
2017-04-19,21.974,21.161,21.45,21.498,21.4,21.5,10317.21120911
2017-04-20,22.0,21.16,21.611,21.55,21.55,21.672,9077.1084633
2017-04-21,21.789,20.8,21.6595,21.736,21.581,21.738,29336.70416819
2017-04-22,21.984,21.332,21.7495,21.717,21.679,21.82,11796.44718781
2017-04-23,22.01,21.519,21.872,21.94,21.793,21.951,14267.31715718
2017-04-24,22.05,21.05,21.174,21.15,21.152,21.196,17156.42214144
2017-04-25,21.804,21.05,21.1485,21.071,21.073,21.224,3911.29793868
2017-04-26,21.63,20.402,21.102,21.073,21.073,21.131,16078.20688679
2017-04-27,23.846,21.014,23.3415,23.502,23.232,23.451,66127.4542631
2017-04-28,24.2,22.805,23.8655,23.788,23.791,23.94,48125.42520813
2017-04-29,25.018,23.75,24.7925,24.884,24.705,24.88,22871.33798579
2017-04-30,26.312,24.5,25.2565,25.19,25.213,25.3,33393.66145905
2017-05-01,25.8,23.651,24.036,23.89,23.916,24.156,42197.14013251
2017-05-02,25.08,23.89,24.5805,24.428,24.464,24.697,20121.97211836
2017-05-03,27.537,24.429,26.8745,26.9,26.849,26.9,35835.86706362
2017-05-04,27.96,25.403,26.694,26.728,26.509,26.879,60635.55575022
2017-05-05,31.44,24.9,28.953,28.95,28.95,28.956,76169.7006248
2017-05-06,30.4,27.501,29.435,29.482,29.37,29.5,24867.00841362
2017-05-07,35.447,28.639,33.1925,33.383,33.005,33.38,60078.24550493
2017-05-08,35.9,29.064,30.391,30.265,30.265,30.517,70290.59865188
2017-05-09,31.478,26.666,29.0965,29.124,28.984,29.209,36604.77623957
2017-05-10,31.498,28.012,30.0885,30.003,30.003,30.174,21908.51280193
2017-05-11,30.689,29.336,30.1275,30.012,29.977,30.278,16211.01378776
2017-05-12,30.8,29.007,29.89,29.939,29.862,29.918,10558.10434231
2017-05-13,29.862,27.826,29.0995,29.188,29.0,29.199,13785.66029472
2017-05-14,29.696,28.073,28.696,28.673,28.59,28.802,3155.4414056
2017-05-15,29.037,27.779,28.69,28.495,28.586,28.794,7537.28645398
2017-05-16,28.514,26.718,26.7055,26.718,26.592,26.819,6118.25452527
2017-05-17,28.673,26.0,27.895,27.764,27.81,27.98,6933.58915251
2017-05-18,31.812,27.632,31.2875,31.189,31.208,31.367,24344.78553286
2017-05-19,32.473,30.79,31.618,31.498,31.5,31.736,14174.25234385
2017-05-20,37.45,31.273,35.544,35.342,35.342,35.746,40147.60831746
2017-05-21,36.528,32.472,34.247,34.14,34.158,34.336,27865.91664198
2017-05-22,40.877,33.002,34.8935,34.889,34.579,35.208,62101.38291974
2017-05-23,54.747,34.579,53.3255,53.326,53.325,53.326,42135.79696205
2017-05-24,58.485,40.68,44.9975,44.548,44.548,45.447,69015.00846178
2017-05-25,49.0,40.066,42.756,42.152,42.375,43.137,58035.35833525
2017-05-26,42.999,34.451,36.4085,36.384,35.651,37.166,38973.53788055
2017-05-27,39.455,27.527,32.1275,32.098,31.855,32.4,50678.17673775
2017-05-28,38.0,31.764,34.6535,34.8,34.333,34.974,17169.39264039
2017-05-29,43.0,34.037,40.453,40.51,40.396,40.51,28173.06293057
2017-05-30,45.0,38.702,39.428,39.577,39.284,39.572,31891.82241032
2017-05-31,42.272,37.038,40.5975,40.544,40.543,40.652,24979.6507153
2017-06-01,44.398,40.01,42.257,42.295,42.213,42.301,12298.0915359
2017-06-02,43.137,41.084,42.6005,42.654,42.546,42.655,6947.00417392
2017-06-03,43.212,41.3,41.834,41.879,41.656,42.012,4936.5608971
2017-06-04,42.769,40.5,42.0145,41.948,41.969,42.06,14104.04345283
2017-06-05,47.541,41.971,47.249,47.422,46.961,47.537,26380.31041703
2017-06-06,52.17,45.128,52.185,52.17,52.17,52.2,42207.34004022
2017-06-07,61.638,51.5,52.5875,52.241,52.316,52.859,73738.49681851
2017-06-08,56.0,50.305,55.797,55.766,55.605,55.989,20241.14747099
2017-06-09,57.1,54.961,55.463,55.585,55.275,55.651,11013.56557964
2017-06-10,56.101,50.51,51.198,51.0,51.0,51.396,19189.39270651
2017-06-11,57.799,50.6,57.369,57.524,57.214,57.524,28870.48621328
2017-06-12,59.43,16.0,48.81,48.821,48.3,49.32,110921.6473942
2017-06-13,52.5,48.041,51.4065,51.763,51.263,51.55,19338.30930238
2017-06-14,52.519,43.0,44.2305,44.41,44.015,44.446,30585.36723473
2017-06-15,46.206,37.406,45.377,45.4,45.254,45.5,22518.85315413
2017-06-16,47.6,43.213,46.9515,47.403,46.717,47.186,8784.51585376
2017-06-17,52.4,46.032,51.6135,51.815,51.416,51.811,13348.3332185
2017-06-18,53.549,47.679,49.279,49.063,49.077,49.481,13125.18134177
2017-06-19,51.459,49.0,50.608,50.636,50.469,50.747,5702.21029935
2017-06-20,53.285,50.254,51.907,52.272,51.577,52.237,10528.50208066
2017-06-21,52.44,46.419,47.431,47.3,47.3,47.562,12938.1304408
2017-06-22,50.4,47.2,50.119,49.976,50.038,50.2,4659.49797731
2017-06-23,52.0,49.491,51.478,51.562,51.336,51.62,5433.77455262
2017-06-24,51.501,46.0,46.8565,46.754,46.754,46.959,10403.64702366
2017-06-25,47.901,42.596,44.3235,44.393,44.15,44.497,14880.61347585
2017-06-26,46.809,38.501,42.5125,42.75,42.275,42.75,20685.36867993
2017-06-27,44.0,36.61,43.092,43.0,42.922,43.262,20389.97227237
2017-06-28,46.638,41.4,46.344,46.493,46.111,46.577,9968.03380044
2017-06-29,47.265,43.291,44.508,45.005,44.346,44.67,10911.43815498
2017-06-30,45.126,43.001,43.21,43.001,43.0,43.42,5475.55838571
2017-07-01,43.487,38.665,39.735,39.73,39.733,39.737,12828.19869605
2017-07-02,42.281,39.266,41.86,41.721,41.718,42.002,4948.44279407
2017-07-03,44.186,41.024,43.6935,44.184,43.445,43.942,10229.91676761
2017-07-04,45.646,43.362,44.939,44.556,44.726,45.152,9596.58834658
2017-07-05,46.5,44.183,45.881,45.747,45.747,46.015,8808.52092639
2017-07-06,50.226,45.65,49.582,49.351,49.388,49.776,18648.4915769
2017-07-07,50.52,43.779,44.1075,44.093,43.965,44.25,20161.14491762
2017-07-08,45.818,41.5,45.7285,45.818,45.64,45.817,14032.12043965
2017-07-09,46.948,44.428,44.9695,45.095,44.851,45.088,6055.33653405
2017-07-10,44.886,39.46,39.7705,39.46,39.487,40.054,10418.33920714
2017-07-11,41.0,35.01,37.0085,36.914,36.88,37.137,20201.71443115
2017-07-12,44.659,35.034,39.7385,39.764,39.713,39.764,24866.96375561
2017-07-13,40.5,36.889,38.2345,38.63,38.057,38.412,9436.43860935
2017-07-14,38.25,34.08,34.9635,34.973,34.834,35.093,10053.24719476
2017-07-15,35.916,31.31,32.872,32.79,32.79,32.954,11884.62120824
2017-07-16,32.958,28.0,29.821,29.744,29.702,29.94,28665.25490248
2017-07-17,34.99,29.262,34.7085,34.498,34.64,34.777,16487.60747617
2017-07-18,37.789,32.682,36.1425,35.988,35.998,36.287,13526.03247098
2017-07-19,37.6,33.985,35.4075,35.4,35.117,35.698,7420.94649126
2017-07-20,41.02,34.492,40.2735,40.38,39.925,40.622,17279.73709116
2017-07-21,41.724,39.42,40.763,40.6,40.648,40.878,10143.98633669
2017-07-22,44.659,40.0,44.4755,44.45,44.401,44.55,11028.3684061
2017-07-23,44.99,41.418,42.391,42.638,42.222,42.56,11088.51638556
2017-07-24,45.9,41.507,44.9695,45.25,44.619,45.32,8427.09226806
2017-07-25,46.0,38.071,40.1665,39.986,39.986,40.347,11763.77458376
2017-07-26,48.5,38.454,45.327,45.65,44.857,45.797,31215.9843962
2017-07-27,47.713,43.526,45.8155,45.869,45.731,45.9,24699.36624072
2017-07-28,45.99,41.558,43.397,43.266,43.269,43.525,13815.97632725
2017-07-29,44.374,42.107,43.833,43.677,43.681,43.985,3746.26276637
2017-07-30,44.185,39.539,39.816,39.738,39.739,39.893,12609.77215051
2017-07-31,40.991,38.998,39.7915,39.578,39.597,39.986,7883.33493988
2017-08-01,45.4,39.6,44.1955,44.0,44.001,44.39,16929.09458494
2017-08-02,44.507,42.549,43.627,43.87,43.235,44.019,5263.9177498
2017-08-03,44.4,43.019,43.845,43.945,43.69,44.0,4802.49839391
2017-08-04,45.186,43.022,44.882,44.868,44.868,44.896,4699.65517639
2017-08-05,49.99,44.839,48.558,48.282,48.324,48.792,22556.63683321
2017-08-06,49.99,47.285,48.037,48.163,47.911,48.163,7912.12150623
2017-08-07,49.9,47.313,49.6755,49.704,49.65,49.701,6245.36746571
2017-08-08,53.0,49.011,52.0885,52.172,52.005,52.172,16776.18810615
2017-08-09,53.43,48.596,49.5825,49.939,49.277,49.888,14633.81102428
2017-08-10,51.304,49.193,49.878,49.731,49.73,50.026,9047.36778102
2017-08-11,51.35,48.603,51.225,51.0,51.096,51.354,7164.59824572
2017-08-12,51.59,45.51,49.433,49.13,49.303,49.563,13013.00506963
2017-08-13,50.138,45.0,47.7705,48.0,47.542,47.999,17271.83382238
2017-08-14,49.686,46.03,49.4265,49.458,49.237,49.616,12579.86053063
2017-08-15,50.35,45.0,49.005,49.0,49.0,49.01,21081.88537324
2017-08-16,49.199,47.0,48.1875,48.381,47.931,48.444,8626.6887247
2017-08-17,49.47,46.812,48.174,48.22,47.926,48.422,10412.46408594
2017-08-18,49.12,45.5,46.9385,46.684,46.701,47.176,12855.42265329
2017-08-19,58.499,46.601,56.508,56.542,56.307,56.709,46468.0507188
2017-08-20,57.0,51.9,55.379,55.234,55.238,55.52,18272.83900178
2017-08-21,99.0,52.504,75.1075,75.0,74.433,75.782,248358.64583759
2017-08-22,96.675,71.253,90.6105,90.818,90.403,90.818,178311.66642725
2017-08-23,100.39,85.0,89.67,89.401,89.4,89.94,134252.21626364
2017-08-24,94.0,79.01,85.3935,85.325,84.958,85.829,93808.44666858
2017-08-25,107.78,83.349,106.09,105.79,105.79,106.39,115382.8568389
2017-08-26,148.9,103.64,138.135,138.08,138.11,138.16,315690.29508024
2017-08-27,139.45,124.0,130.25,130.01,130.11,130.39,85347.7965341
2017-08-28,154.99,127.79,141.63,141.21,141.02,142.24,199369.63542886
2017-08-29,147.0,127.0,134.005,134.0,134.0,134.01,81756.58291803
2017-08-30,135.0,122.11,133.815,133.75,133.75,133.88,59753.60964703
2017-08-31,143.92,132.18,142.175,142.55,142.08,142.27,55703.04844789
2017-09-01,153.5,135.5,141.76,141.96,141.52,142.0,89868.44995221
2017-09-02,144.98,118.45,122.4,122.29,122.32,122.48,82431.2665591
2017-09-03,130.16,110.99,124.745,124.8,124.59,124.9,78896.93413436
2017-09-04,128.83,99.995,107.74,107.51,107.52,107.96,102248.8042842
2017-09-05,119.99,94.1,119.16,119.51,118.99,119.33,95561.22349393
2017-09-06,124.59,113.7,123.95,124.22,123.72,124.18,49555.44739571
2017-09-07,124.6,116.4,123.18,122.99,123.04,123.32,36551.37124268
2017-09-08,135.81,110.5,117.46,117.19,117.26,117.66,82453.63892749
2017-09-09,119.19,111.33,115.905,116.0,115.81,116.0,30132.25814029
2017-09-10,117.34,103.0,113.61,114.0,113.39,113.83,52392.65615654
2017-09-11,116.1,109.07,112.505,112.5,112.5,112.51,19985.28639817
2017-09-12,116.49,108.15,112.44,112.56,112.09,112.79,37909.4592811
2017-09-13,112.44,101.06,111.265,111.16,111.15,111.38,64796.76149059
2017-09-14,119.9,88.815,89.2255,89.474,89.013,89.438,99083.83272106
2017-09-15,104.99,61.5,101.635,101.9,101.52,101.75,143717.61949434
2017-09-16,105.0,92.061,96.9465,96.938,96.896,96.997,33847.18641648
2017-09-17,97.141,89.002,94.768,94.721,94.586,94.95,23858.2329088
2017-09-18,103.31,93.727,101.36,101.4,101.25,101.47,48751.63523359
2017-09-19,102.63,93.632,97.376,97.368,97.347,97.405,20635.28963049
2017-09-20,100.31,92.369,96.91,96.768,96.901,96.919,21346.76919164
2017-09-21,96.903,84.001,86.457,86.353,86.391,86.523,24857.57883507
2017-09-22,89.881,83.869,87.271,87.069,87.08,87.462,13477.78648445
2017-09-23,92.48,86.46,91.3385,91.322,91.234,91.443,17009.58818629
2017-09-24,92.087,87.42,89.879,89.657,89.813,89.945,12613.25741045
2017-09-25,95.0,89.0,94.053,94.0,94.0,94.106,25746.85828528
2017-09-26,95.817,91.59,93.483,93.531,93.435,93.531,16978.25697525
2017-09-27,105.0,93.131,101.585,101.72,101.46,101.71,47175.27611133
2017-09-28,102.89,95.887,97.8485,97.647,97.848,97.849,32858.77192145
2017-09-29,98.987,91.23,95.0625,95.301,94.938,95.187,33056.04894372
2017-09-30,97.001,94.124,96.739,96.587,96.577,96.901,10413.29275342
2017-10-01,96.9,91.665,94.107,93.956,93.968,94.246,14512.30832402
2017-10-02,94.52,90.836,91.4,91.681,91.395,91.405,16824.66133547
2017-10-03,95.298,87.0,93.8835,93.666,93.666,94.101,31134.45453797
2017-10-04,94.045,88.26,90.1405,90.058,90.0,90.281,24994.65113697
2017-10-05,92.452,86.968,91.7365,91.841,91.632,91.841,14446.72343676
2017-10-06,93.0,90.399,90.578,90.885,90.487,90.669,11566.01378199
2017-10-07,92.629,88.616,92.5185,92.57,92.477,92.56,11067.66233594
2017-10-08,92.56,89.75,90.1525,90.017,90.021,90.284,12506.70144443
2017-10-09,90.952,82.056,86.1535,86.317,86.046,86.261,23700.58859282
2017-10-10,88.487,84.0,86.482,86.565,86.396,86.568,17230.20712289
2017-10-11,88.557,85.701,87.913,87.9,87.9,87.926,9986.02216184
2017-10-12,89.898,85.277,86.515,86.443,86.434,86.596,19538.92392596
2017-10-13,98.087,85.012,95.332,95.418,95.297,95.367,84502.33276443
2017-10-14,99.927,93.5,99.5205,99.401,99.402,99.639,26506.18701513
2017-10-15,103.54,91.246,94.598,94.806,94.389,94.807,48412.46620191
2017-10-16,98.702,92.877,95.606,95.686,95.54,95.672,18448.97015944
2017-10-17,97.993,90.39,90.6685,90.406,90.406,90.931,28941.30321282
2017-10-18,91.465,85.801,89.311,89.376,89.307,89.315,25861.91087782
2017-10-19,92.59,87.491,89.442,89.524,89.278,89.606,17959.82040411
2017-10-20,93.239,87.558,90.299,89.959,90.15,90.448,23052.35461524
2017-10-21,90.455,82.1,88.6635,88.859,88.47,88.857,22788.03797535
2017-10-22,89.246,84.856,85.8955,85.93,85.8,85.991,21392.63388178
2017-10-23,87.1,81.516,85.057,85.302,84.812,85.302,25324.24568172
2017-10-24,92.078,81.799,88.7305,88.68,88.562,88.899,36150.26175713
2017-10-25,95.0,85.11,88.0915,88.396,87.947,88.236,56220.06852574
2017-10-26,89.947,86.673,88.4265,88.276,88.279,88.574,10554.10697934
2017-10-27,89.0,86.0,86.6125,86.852,86.361,86.864,16059.28847332
2017-10-28,87.5,84.854,85.382,85.517,85.134,85.63,12548.68609873
2017-10-29,91.322,85.249,89.5015,89.5,89.4,89.603,19571.67472855
2017-10-30,90.998,87.904,88.35,88.191,88.171,88.529,16312.34466844
2017-10-31,89.48,87.448,87.695,87.626,87.626,87.764,14951.30139126
2017-11-01,88.19,84.352,84.4855,84.352,84.352,84.619,23146.67313168
2017-11-02,86.88,78.62,84.057,84.183,83.999,84.115,53897.5572479
2017-11-03,90.0,82.24,87.67,87.529,87.529,87.811,49756.90718769
2017-11-04,88.489,85.01,86.9165,86.681,86.775,87.058,23014.3972736
2017-11-05,88.3,85.62,86.065,86.31,85.84,86.29,15187.31068231
2017-11-07,101.74,85.323,101.175,101.47,100.88,101.47,150521.34776542
2017-11-08,104.03,93.01,98.51,98.512,98.398,98.622,125464.60474093
2017-11-09,116.5,98.0,112.75,112.96,112.53,112.97,109036.77881617
2017-11-10,123.23,110.17,120.78,121.64,120.04,121.52,87127.57286849
2017-11-11,121.87,100.01,104.61,104.62,104.6,104.62,108125.01200051
2017-11-12,128.0,100.42,118.895,118.65,118.79,119.0,142661.03037599
2017-11-13,138.0,108.0,124.885,124.88,124.88,124.89,169584.12650088
2017-11-14,134.87,116.22,122.22,122.06,122.07,122.37,90334.02755361
2017-11-15,123.08,116.05,121.315,121.0,121.22,121.41,32795.69720225
2017-11-16,123.95,117.01,120.725,120.46,120.47,120.98,43532.43635836
2017-11-17,128.37,118.13,120.415,120.22,120.23,120.6,62466.80174518
2017-11-18,126.5,118.53,126.34,126.18,126.18,126.5,44595.21330606
2017-11-19,134.83,122.64,130.64,130.81,130.45,130.83,57440.23644328
2017-11-20,133.81,126.93,129.53,129.7,129.39,129.67,33451.39198983
2017-11-21,142.5,127.99,136.87,137.27,136.51,137.23,55870.79875005
2017-11-22,143.49,127.72,141.75,141.84,141.65,141.85,72504.09624071
2017-11-23,173.4,136.26,165.685,165.43,165.43,165.94,181753.52736155
2017-11-24,173.88,154.61,157.165,157.01,157.02,157.31,101665.93274804
2017-11-25,162.7,153.23,158.345,158.33,158.33,158.36,49718.62977711
2017-11-27,168.51,157.76,162.5,162.73,162.26,162.74,43222.52905136
2017-11-28,173.19,157.89,172.915,172.97,172.86,172.97,64884.56715332
2017-11-29,197.0,170.03,196.995,196.99,196.99,197.0,153397.54713248
2017-11-30,208.2,149.97,167.67,167.23,167.17,168.17,203737.09122747
2017-12-01,189.84,150.06,174.155,174.39,174.01,174.3,119319.12348272
2017-12-02,189.85,165.2,188.855,188.95,188.59,189.12,45825.88847322
2017-12-03,204.37,182.08,200.79,200.41,200.46,201.12,58782.39217149
2017-12-04,207.49,182.1,196.165,196.0,196.0,196.33,104322.95339102
2017-12-05,210.0,186.0,208.885,209.0,208.8,208.97,54123.40746692
2017-12-06,248.5,206.6,247.16,247.01,247.1,247.22,185351.0362932
2017-12-07,296.0,212.0,250.68,250.46,250.46,250.9,213278.5284108
2017-12-08,277.9,233.0,256.445,257.2,255.8,257.09,130342.96508357
2017-12-09,267.0,232.64,261.905,261.51,261.52,262.29,80640.12989278
2017-12-10,272.26,241.0,254.995,255.43,253.96,256.03,95240.79073784
2017-12-11,254.86,215.0,239.95,239.15,239.15,240.75,94888.55660781
2017-12-12,277.73,238.51,277.375,277.73,277.02,277.73,79013.13152688
2017-12-14,331.5,271.49,297.8,297.42,297.43,298.17,140636.78603287
2017-12-15,332.5,292.0,318.48,319.0,317.96,319.0,107496.07958833
2017-12-16,319.08,280.75,309.72,309.2,309.26,310.18,55813.75336215
2017-12-17,333.73,307.71,322.515,323.04,321.73,323.3,70804.81033963
2017-12-18,359.7,318.3,345.325,345.41,345.23,345.42,127864.6549852
2017-12-19,376.99,321.0,373.05,372.91,372.9,373.2,74567.23960234
2017-12-20,394.23,328.0,355.065,355.37,354.77,355.36,153871.25876228
2017-12-21,477.0,316.42,470.8,470.99,470.11,471.49,149032.37248372
2017-12-22,473.9,375.78,419.905,420.42,419.57,420.24,110404.80321615
2017-12-23,424.74,151.26,314.915,315.05,314.78,315.05,164376.15844719
2017-12-24,380.99,305.59,341.23,340.03,340.03,342.43,61863.37774562
2017-12-25,354.5,278.02,329.88,330.39,329.37,330.39,74599.39205166
2017-12-26,349.0,310.14,333.48,332.53,332.57,334.39,36429.7060169
2017-12-27,362.68,330.0,357.445,357.1,357.1,357.79,46617.30712068
2017-12-28,409.81,341.65,375.435,374.88,374.88,375.99,73084.28139935
2017-12-29,376.56,320.0,349.48,349.91,349.05,349.91,50596.97315649
2017-12-30,368.69,333.16,349.37,348.0,348.0,350.74,49115.62457881
2017-12-31,352.27,286.24,302.64,302.32,302.13,303.15,50743.97926488
2018-01-01,340.14,298.72,329.71,330.48,328.95,330.47,21964.42568983
2018-01-02,347.57,316.06,337.975,337.35,337.36,338.59,23179.85827695
2018-01-03,370.52,320.0,364.715,364.23,364.2,365.23,69150.30987266
2018-01-04,390.0,359.01,385.155,385.0,384.53,385.78,45264.14472053
2018-01-05,389.44,352.29,371.875,372.81,370.91,372.84,48396.50682984
2018-01-06,377.3,340.03,357.015,357.94,356.17,357.86,52204.16537181
2018-01-07,395.49,350.08,394.03,394.67,393.37,394.69,69413.05873114
2018-01-08,420.0,391.0,399.58,399.06,399.06,400.1,74382.01500206
2018-01-09,406.23,350.0,400.395,401.14,399.73,401.06,62854.4332862
2018-01-10,448.54,392.02,409.57,410.0,409.15,409.99,110801.99745655
2018-01-11,417.36,360.41,403.665,403.0,403.01,404.32,86665.21485665
2018-01-12,417.72,340.0,352.62,352.93,352.32,352.92,57674.6889969
2018-01-13,392.0,340.0,388.63,388.99,388.27,388.99,34868.14885201
2018-01-14,428.68,385.27,415.345,415.95,415.13,415.56,58684.82022842
2018-01-15,434.99,373.04,393.005,392.62,392.61,393.4,38561.10507861
2018-01-16,449.18,381.58,413.52,414.35,412.7,414.34,59300.30520311
2018-01-17,417.55,255.66,310.975,310.09,310.1,311.85,116330.15289609
2018-01-18,325.0,236.55,318.525,318.88,318.18,318.87,75739.81481974
2018-01-19,345.95,297.79,306.155,306.46,305.9,306.41,48650.73900771
2018-01-20,366.65,300.96,362.445,363.1,361.79,363.1,73409.88614788
2018-01-21,407.09,353.59,382.485,382.79,382.2,382.77,67513.17447271
2018-01-22,388.98,328.29,346.935,347.59,346.32,347.55,36516.76638286
2018-01-23,354.97,285.0,313.975,313.86,313.52,314.43,50693.13528427
2018-01-24,322.38,283.65,306.895,306.24,306.48,307.31,54193.88464776
2018-01-25,326.23,305.02,316.365,316.34,316.36,316.37,18256.81788092
2018-01-26,329.0,288.32,322.625,322.99,322.25,323.0,27428.32199237
2018-01-27,334.84,308.74,325.71,326.1,325.38,326.04,18192.27679536
2018-01-28,340.91,321.49,334.675,334.33,334.36,334.99,23078.34253656
2018-01-29,339.51,310.73,313.605,313.75,312.98,314.23,14030.27620472
2018-01-30,316.67,267.51,275.62,276.1,275.24,276.0,37280.41335433
2018-01-31,284.17,265.5,272.005,271.94,271.63,272.38,17361.18936345
2018-02-01,278.87,232.26,244.255,244.01,244.01,244.5,29059.22731174
2018-02-02,300.0,190.0,237.25,237.74,236.97,237.53,74173.01185806
2018-02-03,258.95,213.45,250.715,250.5,250.51,250.92,19413.90932328
2018-02-04,257.8,211.37,221.23,221.06,221.06,221.4,21201.81109883
2018-02-05,222.27,165.84,179.06,178.32,178.35,179.77,58182.52463258
2018-02-06,212.95,150.0,211.41,210.81,210.81,212.01,60704.93365172
2018-02-07,231.52,189.26,208.01,208.47,207.55,208.47,44835.76405441
2018-02-08,255.41,205.0,247.65,246.96,247.0,248.3,29350.79599907
2018-02-09,258.63,230.37,258.335,258.28,258.29,258.38,27753.30432612
2018-02-10,269.12,240.0,247.445,247.43,247.17,247.72,27905.31007028
2018-02-11,247.2,216.24,229.05,228.49,228.78,229.32,23517.643223
2018-02-12,252.39,227.07,246.935,247.0,246.52,247.35,10838.09752434
2018-02-13,248.55,228.0,232.775,232.61,232.63,232.92,12775.84586378
2018-02-14,274.0,232.91,273.42,273.84,273.01,273.83,38090.24003205
2018-02-15,299.99,261.86,299.72,299.99,299.45,299.99,32345.3719107
2018-02-16,299.99,274.63,293.065,292.88,292.88,293.25,29713.24697322
2018-02-17,330.0,289.13,320.16,320.26,320.1,320.22,36322.91622441
2018-02-18,323.17,286.2,295.7,295.4,295.0,296.4,22324.86529582
2018-02-19,317.81,291.49,313.09,312.52,312.45,313.73,17039.60893745
2018-02-20,318.89,296.17,297.765,298.62,296.91,298.62,17204.12754409
2018-02-21,330.0,280.82,303.07,303.0,302.69,303.45,56713.03013345
2018-02-22,316.6,271.47,275.39,275.68,274.86,275.92,50408.68379827
2018-02-23,293.99,262.11,278.17,277.89,277.88,278.46,33533.38365456
2018-02-24,288.6,257.49,267.095,266.67,266.75,267.44,21746.57096895
2018-02-25,278.73,260.66,275.97,276.05,275.39,276.55,9144.89239816
2018-02-26,296.69,264.81,290.155,289.96,289.69,290.62,19934.65179154
2018-02-27,308.78,284.51,301.005,300.41,300.47,301.54,22063.9038188
2018-02-28,308.0,281.3,283.625,284.91,283.26,283.99,12613.14844442
2018-03-01,314.86,281.38,313.075,312.79,312.88,313.27,16969.58584244
2018-03-02,352.7,306.09,342.11,341.15,341.61,342.61,80592.14697627
2018-03-03,373.82,341.1,350.445,350.77,350.03,350.86,80892.34940685
2018-03-04,369.4,335.0,369.15,369.4,368.9,369.4,48095.21958833
2018-03-05,379.9,355.0,373.535,373.18,373.18,373.89,49133.13876795
2018-03-06,373.07,337.45,342.785,342.63,342.64,342.93,38913.60012809
2018-03-07,362.2,315.17,335.03,334.52,334.64,335.42,78210.89497962
2018-03-08,336.0,272.45,275.815,276.12,275.51,276.12,75314.59258136
2018-03-09,281.73,239.24,280.795,281.33,280.42,281.17,115576.51646463
2018-03-10,293.54,250.52,254.4,254.78,254.13,254.67,58535.94302193
2018-03-11,286.15,241.85,278.485,278.95,278.01,278.96,48958.0690972
2018-03-12,286.52,247.75,257.745,257.05,257.48,258.01,37566.19264145
2018-03-13,266.75,243.15,247.91,247.71,247.48,248.34,49855.78450564
2018-03-14,251.28,204.76,211.59,211.4,211.4,211.78,50635.35594012
2018-03-15,224.71,195.16,211.495,211.55,211.29,211.7,58950.03177898
2018-03-16,222.0,202.02,219.445,219.46,219.24,219.65,44215.49950332
2018-03-17,220.42,191.17,198.075,197.82,197.81,198.34,31161.19841484
2018-03-18,206.79,173.42,200.385,200.07,200.12,200.65,53862.73205422
2018-03-19,222.63,199.64,211.4,211.39,211.39,211.41,42110.55737727
2018-03-20,232.6,204.81,223.425,223.22,223.24,223.61,33254.06325692
2018-03-21,235.96,211.82,216.92,217.26,216.52,217.32,34390.60550203
2018-03-22,223.45,202.12,209.065,209.22,208.83,209.3,25363.47353389
2018-03-23,215.29,196.63,209.92,209.72,209.72,210.12,26844.04349357
2018-03-24,216.5,206.59,208.12,208.54,207.77,208.47,12560.86239788
2018-03-25,213.9,201.11,211.085,210.59,210.72,211.45,12413.8611074
2018-03-26,211.64,186.82,197.51,198.0,197.46,197.56,20580.75399524
2018-03-27,198.37,182.79,190.41,190.45,190.12,190.7,23702.31007139
2018-03-28,205.11,184.56,198.285,198.34,198.12,198.45,24096.65482833
2018-03-29,200.5,173.0,181.14,181.32,181.0,181.28,39466.80131306
2018-03-30,180.87,161.11,169.605,169.65,169.56,169.65,38186.28092422
2018-03-31,182.0,168.57,179.325,179.31,179.12,179.53,15267.38717442
2018-04-01,181.88,162.86,174.575,174.58,174.49,174.66,24213.41346457
2018-04-02,180.86,172.46,175.62,175.42,175.34,175.9,12917.25334874
2018-04-03,191.49,175.34,188.64,188.48,188.48,188.8,20794.27828229
2018-04-04,189.4,167.01,168.05,168.51,167.81,168.29,22220.40456788
2018-04-05,174.3,163.5,172.7,172.55,172.62,172.78,21498.66926564
2018-04-06,175.23,161.8,162.01,162.14,161.86,162.16,14103.27754448
2018-04-07,173.92,161.1,170.945,170.88,170.73,171.16,12335.46606015
2018-04-08,174.84,167.93,173.835,173.85,173.82,173.85,7952.50385806
2018-04-09,180.17,162.2,165.185,165.43,165.03,165.34,19993.58202681
2018-04-10,167.84,163.2,164.72,164.6,164.58,164.86,8632.59800746
2018-04-11,169.84,163.61,166.715,166.71,166.71,166.72,21571.81891729
2018-04-12,196.24,165.05,188.67,188.46,188.53,188.81,52333.54044956
2018-04-13,201.74,184.43,187.12,187.21,186.98,187.26,37422.59169649
2018-04-14,198.0,186.99,192.815,192.7,192.65,192.98,11885.74117701
2018-04-15,205.0,189.42,199.995,200.0,199.99,200.0,28239.01304713
2018-04-16,203.4,188.2,192.43,192.38,192.27,192.59,19217.35320608
2018-04-17,202.49,192.65,194.11,194.2,194.02,194.2,17852.35426546
2018-04-18,233.97,194.31,229.595,229.8,229.4,229.79,78890.37615356
2018-04-19,239.5,225.0,237.44,237.44,237.29,237.59,48187.13542051
2018-04-20,269.07,235.89,266.7,266.61,266.61,266.79,42896.68294074
2018-04-21,273.73,238.1,252.365,252.51,252.12,252.61,33534.22689321
2018-04-22,283.99,248.37,272.8,273.01,272.59,273.01,33860.31893149
2018-04-23,287.86,266.74,281.685,281.92,281.44,281.93,28758.391902
2018-04-24,299.0,278.72,295.49,296.2,295.27,295.71,39668.92263026
2018-04-25,296.04,246.79,267.83,267.63,267.63,268.03,63346.13995703
2018-04-26,276.7,247.61,263.375,262.98,262.98,263.77,30310.04859179
2018-04-27,270.39,250.18,253.325,253.35,253.01,253.64,29517.65723256
2018-04-28,265.13,249.44,265.065,265.08,265.06,265.07,25619.80150445
2018-04-29,264.32,241.82,257.47,257.42,257.4,257.54,29665.67307442
2018-04-30,259.82,235.5,239.715,239.62,239.71,239.72,37803.27113267
2018-05-01,242.03,227.78,239.38,239.31,239.11,239.65,25493.08504576
2018-05-02,253.91,238.03,250.345,250.01,250.0,250.69,31743.13062683
2018-05-03,258.5,242.0,243.585,243.63,243.54,243.63,55528.83151392
2018-05-04,250.0,236.68,243.385,243.28,243.32,243.45,35026.3638932
2018-05-05,248.39,240.11,242.425,242.38,242.38,242.47,19997.45118965
2018-05-06,243.68,232.0,236.26,236.1,236.07,236.45,25300.41554117
2018-05-07,236.65,221.01,231.34,231.16,231.21,231.47,22623.76586832
2018-05-08,235.19,219.19,223.75,223.91,223.72,223.78,16579.42470999
2018-05-09,233.73,215.59,228.27,228.41,228.16,228.38,21767.28438899
2018-05-10,233.92,218.01,219.43,219.4,219.25,219.61,21374.87002541
2018-05-11,220.3,195.95,198.42,198.06,198.23,198.61,45653.66992825
2018-05-12,205.0,190.25,200.905,201.28,200.81,201.0,29329.49548821
2018-05-13,212.81,200.41,207.94,207.87,207.88,208.0,20873.56738192
2018-05-14,217.88,194.9,209.92,209.66,209.68,210.16,32247.37778667
2018-05-15,219.18,200.71,201.375,201.29,201.15,201.6,28079.8857512
2018-05-16,203.71,192.0,196.87,196.72,196.69,197.05,13789.59813779
2018-05-17,203.62,189.83,192.855,192.51,192.69,193.02,11486.89878045
2018-05-18,201.61,185.24,199.92,199.75,199.75,200.09,28628.73626003
2018-05-19,213.27,196.23,196.725,196.63,196.55,196.9,25087.44387261
2018-05-20,206.56,196.02,204.24,204.22,204.16,204.32,12358.34628736
2018-05-21,206.15,194.1,197.085,197.01,197.01,197.16,7874.98745575
2018-05-22,198.85,176.0,176.095,176.19,176.02,176.17,32000.8440747
2018-05-23,179.34,165.04,172.11,172.24,172.01,172.21,31731.42229532
2018-05-24,177.3,160.43,170.65,170.54,170.55,170.75,33895.67867588
2018-05-25,173.98,161.55,161.91,161.76,161.66,162.16,10229.9584356
2018-05-26,169.21,161.55,164.055,164.06,164.05,164.06,7005.14961919
2018-05-27,171.2,160.49,165.58,165.93,165.53,165.63,13210.33148533
2018-05-28,168.09,148.31,149.07,149.16,148.9,149.24,21350.9820859
2018-05-29,166.96,145.81,157.97,157.7,157.72,158.22,56286.64164069
2018-05-30,161.0,151.9,153.105,153.11,153.1,153.11,11248.03397633
2018-05-31,159.3,153.11,155.985,155.73,155.79,156.18,12038.73015333
2018-06-01,158.59,152.67,158.265,158.45,158.17,158.36,8947.65086007
2018-06-02,167.98,155.94,162.665,162.61,162.51,162.82,21392.31180681
2018-06-03,177.78,161.26,170.015,169.91,170.0,170.03,25349.2748001
2018-06-04,170.29,156.92,161.395,161.18,161.16,161.63,12543.57018709
2018-06-05,169.67,156.4,166.98,166.91,166.88,167.08,17239.4860893
2018-06-06,168.17,160.51,164.195,164.25,164.14,164.25,13093.64780717
2018-06-07,171.21,162.53,162.805,162.81,162.78,162.83,15666.96048776
2018-06-08,165.68,156.29,158.955,158.96,158.94,158.97,15181.00153147
2018-06-09,160.26,155.56,155.91,155.75,155.73,156.09,6691.49901191
2018-06-10,156.73,130.79,135.275,135.18,135.21,135.34,46323.79258659
2018-06-11,139.83,131.32,135.09,135.18,135.0,135.18,11634.92582019
2018-06-12,138.49,119.32,125.28,125.47,125.15,125.41,28666.40654032
2018-06-13,126.0,102.0,119.805,119.74,119.8,119.81,55364.92975615
2018-06-14,133.9,118.01,129.51,129.47,129.4,129.62,56564.62909362
2018-06-15,133.29,122.75,126.84,126.73,126.73,126.95,18259.82027504
2018-06-16,128.2,119.48,127.69,127.68,127.65,127.73,27404.09545295
2018-06-17,127.65,122.39,124.385,124.48,124.29,124.48,6650.90480033
2018-06-18,129.41,118.8,126.52,126.52,126.51,126.53,19030.7596797
2018-06-19,130.93,123.74,126.075,125.94,125.95,126.2,17171.22460645
